福原綾香,渋谷凛,2012/3/23
五十嵐裕美,双葉杏,2012/3/23
大坪由佳,三村かな子,2012/3/23
早見沙織,高垣楓,2012/3/23
山本希望,城ヶ崎莉嘉,2012/3/23
内田真礼,神崎蘭子,2012/4/25
高森奈津美,前川みく,2012/5/2
松嵜麗,諸星きらり,2012/5/9
佳村はるか,城ヶ崎美嘉,2012/5/16
大橋彩香,島村卯月,2012/5/25
津田美波,小日向美穂,2012/11/27
青木瑠璃子,多田李衣菜,2012/11/27
原田ひとみ,十時愛梨,2012/11/27
東山奈央,川島瑞樹,2012/11/27
原紗友里,本田未央,2012/11/27
赤崎千夏,日野茜,2013/04/12
黒沢ともよ,赤城みりあ,2013/4/12
三宅麻理恵,安部菜々,2013/3/29
洲崎綾,新田美波,2013/3/29
竹達彩奈,輿水幸子,2013/4/12
牧野由依,佐久間まゆ,2013/9/6
桜咲千依,白坂小梅,2013/6/30
大空直美,緒方智絵里,2013/6/30
上坂すみれ,アナスタシア,2013/6/14
金子有希,高森藍子,2013/9/6
松田颯水,星輝子,2014/1/31
松井恵理子,神谷奈緒,2014/2/28
渕上舞,北条加蓮,2014/2/28
立花理香,小早川紗枝,2014/2/28
鈴木絵理,堀裕子,2014/2/28
市道真央,鷺沢文香,2014/6/29
杜野まこ,姫川友紀,2014/5/31
高野麻美,宮本フレデリカ,2014/11/19
飯田友子,速水奏,2014/11/19
久野美咲,市原仁奈,2014/11/19
佐藤亜美菜,橘ありす,2014/12/25
和氣あず未,片桐早苗,2015/2/7
藍原ことみ,一ノ瀬志希,2015/6/27
ルゥティン,塩見周子,2015/6/8
照井春佳,櫻井桃華,2015/8/8
山下七海,大槻唯,2015/3/21
下地紫野,中野有香,2015/3/21
青木志貴,二宮飛鳥,2016/1/31
木村珠莉,相葉夕美,2015/6/20
種崎敦美,五十嵐響子,2016/2/5
中島由貴_(声優),乙倉悠貴,2017/2/28
千菅春香,松永涼,2015/8/22
高田憂希,依田芳乃,2016/8/5
原優子,向井拓海,2015/7/4
原田彩楓,三船美優,2016/7/22
高橋花林,森久保乃々,2016/7/29
花守ゆみり,佐藤心,2016/7/31
鈴木みのり_(声優),藤原肇,2017/8/31
武田羅梨沙多胡,喜多見柚,2017/9/25
会沢紗弥,関裕美,2017/9/30
田辺留依,荒木比奈,2017/10/19
今井麻夏,佐々木千枝,2015/1/17
長島光那,上条春菜,2015/1/17
のぐちゆり,及川雫,2015/2/7
村中知,大和亜季,2015/2/7
藤田茜,水本ゆかり,2015/3/21
都丸ちよ,椎名法子,2015/3/21
金子真由美_(声優),藤本里奈,2015/3/21
新田ひより,道明寺歌鈴,2015/7/18
安野希世乃,木村夏樹,2015/7/18
嘉山未紗,脇山珠美,2015/8/1
春野ななみ,上田鈴帆,2015/8/1
田澤茉純,浜口あやめ,2015/8/1
伊達朱里紗,難波笑美,2015/8/1
春瀬なつみ,龍崎薫,2015/8/8
朝井彩加,早坂美玲,2017/3/21
